Date,Symbol,Open,High,Low,Close,Adj Close,Volume
2020-01-02,GOOG,67.077499,68.406998,67.077499,68.3685,68.290787,28132000
2020-01-02,MSFT,158.779999,160.729996,158.330002,160.619995,154.215698,22622100
2020-01-02,ORCL,53.27,53.959999,53.23,53.950001,50.055779,13899600
2020-01-03,GOOG,67.392998,68.625,67.277199,68.032997,67.955666,23728000
2020-01-03,MSFT,158.320007,159.949997,158.059998,158.619995,152.295425,21116200
2020-01-03,ORCL,52.990002,54.049999,52.950001,53.759998,49.879494,11026700
2020-01-06,GOOG,67.5,69.824997,67.5,69.710503,69.631264,34646000
2020-01-06,MSFT,157.080002,159.100006,156.509995,159.029999,152.689072,20813700
2020-01-06,ORCL,53.360001,54.200001,53.349998,54.040001,50.139286,10982400
2020-01-07,GOOG,69.897003,70.149498,69.518997,69.667,69.587814,30054000
2020-01-07,MSFT,159.320007,159.669998,157.320007,157.580002,151.29686,21634100
2020-01-07,ORCL,53.889999,54.330002,53.610001,54.16,50.250614,12015400
2020-01-08,MSFT,158.929993,160.800003,157.949997,160.089996,153.706818,27746500
2020-01-08,ORCL,53.939999,54.599998,53.700001,54.130001,50.446339,11856700
2020-01-08,GOOG,69.603996,70.579002,69.542,70.216003,70.136192,30560000
2020-01-09,ORCL,54.25,54.799999,54.029999,54.380001,50.679314,10671000
2020-01-09,GOOG,71.028503,71.366501,70.513496,70.991501,70.910805,30018000
2020-01-09,MSFT,161.839996,162.220001,161.029999,162.089996,155.627014,21385000
2020-01-10,ORCL,54.549999,54.650002,54.220001,54.450001,50.744553,9734800
2020-01-10,GOOG,71.377998,71.746452,70.917503,71.486504,71.405251,36414000
2020-01-10,MSFT,162.820007,163.220001,161.179993,161.339996,154.906982,20725900
2020-01-13,ORCL,54.459999,54.790001,54.360001,54.580002,50.865715,10858900
2020-01-13,GOOG,71.806503,72.026001,71.301003,71.961502,71.879707,33046000
2020-01-13,MSFT,161.759995,163.309998,161.259995,163.279999,156.769608,21626500
2020-01-14,ORCL,54.52,55.18,54.5,54.880001,51.145287,12627200
2020-01-14,MSFT,163.389999,163.600006,161.720001,162.130005,155.665451,23477400
2020-01-14,GOOG,71.9505,72.089996,71.418503,71.543999,71.462677,31178000
2020-01-15,MSFT,162.619995,163.940002,162.570007,163.179993,156.673599,21417900
2020-01-15,ORCL,54.880001,55.18,54.68,54.759998,51.033455,9090800
2020-01-15,GOOG,71.510498,72.069748,71.510498,71.959999,71.878204,25654000
2020-01-16,MSFT,164.350006,166.240005,164.029999,166.169998,159.544403,23865400
2020-01-16,ORCL,54.98,55.450001,54.93,55.43,51.657864,9866000
2020-01-16,GOOG,72.372002,72.599503,72.045998,72.584999,72.502495,23474000
2020-01-17,MSFT,167.419998,167.470001,165.429993,167.100006,160.437317,34371700
2020-01-17,ORCL,55.630001,55.689999,54.849998,55.130001,51.378288,11166600
2020-01-17,GOOG,73.1455,74.064751,72.911003,74.019501,73.935364,47924000
2020-01-21,ORCL,54.98,55.360001,54.919998,55.220001,51.462151,8773000
2020-01-21,GOOG,73.956001,74.592499,73.559998,74.220001,74.135635,40734000
2020-01-21,MSFT,166.679993,168.190002,166.429993,166.5,159.861221,29517200
2020-01-22,GOOG,74.550003,75.160698,74.246498,74.297501,74.213051,32216000
2020-01-22,MSFT,167.399994,167.490005,165.679993,165.699997,159.093124,24138800
2020-01-22,ORCL,55.41,55.650002,54.599998,54.720001,50.996181,6380500
2020-01-23,GOOG,74.382004,74.776001,74.105003,74.332497,74.248009,27024000
2020-01-23,MSFT,166.190002,166.800003,165.270004,166.720001,160.072479,19680800
2020-01-23,ORCL,54.41,55.0,54.279999,54.98,51.238483,6583200
2020-01-24,GOOG,74.679497,74.77475,73.262497,73.335503,73.252144,35692000
2020-01-24,MSFT,167.509995,167.529999,164.449997,165.039993,158.459442,24918100
2020-01-24,ORCL,55.060001,55.200001,53.880001,54.07,50.390408,6426000
2020-01-27,MSFT,161.149994,163.380005,160.199997,162.279999,155.809479,32078100
2020-01-27,ORCL,53.18,53.52,52.630001,52.689999,49.104317,8259100
2020-01-27,GOOG,71.550003,71.903503,71.059998,71.695,71.61351,35104000
2020-01-28,ORCL,52.860001,53.68,52.66,53.459999,49.821922,8620300
2020-01-28,GOOG,72.150002,72.800003,71.623497,72.627998,72.545448,31548000
2020-01-28,MSFT,163.779999,165.759995,163.070007,165.460007,158.862701,24899900
2020-01-29,ORCL,53.779999,53.939999,53.18,53.200001,49.579617,6332500
2020-01-29,GOOG,72.940002,73.2715,72.336998,72.931503,72.848602,21554000
2020-01-29,MSFT,167.839996,168.75,165.690002,168.039993,161.339798,34754500
2020-01-30,ORCL,52.82,53.330002,52.279999,53.310001,49.682137,7176200
2020-01-30,GOOG,71.998001,72.863998,71.82,72.792,72.709259,26788000
2020-01-30,MSFT,174.050003,174.050003,170.789993,172.779999,165.890793,51597500
2020-01-31,GOOG,73.445,73.5065,71.426498,71.711502,71.62999,48344000
2020-01-31,MSFT,172.210007,172.399994,169.580002,170.229996,163.44249,36142700
2020-01-31,ORCL,53.34,53.490002,52.290001,52.450001,48.880657,8884700
2020-02-03,MSFT,170.429993,174.5,170.399994,174.380005,167.427048,30107000
2020-02-03,ORCL,52.73,53.41,52.689999,53.09,49.477108,8892500
2020-02-03,GOOG,73.099998,74.5,72.949501,74.296997,74.212547,60736000
2020-02-04,MSFT,177.139999,180.639999,176.309998,180.119995,172.938156,36433300
2020-02-04,ORCL,53.75,54.560001,53.75,54.040001,50.362465,9769800
2020-02-04,GOOG,72.8535,73.474998,71.315002,72.3535,72.271255,78660000
2020-02-05,MSFT,184.029999,184.199997,178.410004,179.899994,172.726913,39186300
2020-02-05,ORCL,54.669998,55.029999,54.580002,54.740002,51.014816,9612900
2020-02-05,GOOG,73.121002,73.192001,71.528,72.411499,72.329193,39724000
2020-02-06,MSFT,180.970001,183.820007,180.059998,183.630005,176.308197,27751400
2020-02-06,GOOG,72.516502,74.099998,72.4785,73.811501,73.7276,33588000
2020-02-06,ORCL,55.0,55.349998,54.709999,54.709999,50.986851,8832000
2020-02-07,GOOG,73.364998,74.292,73.317497,73.961502,73.877434,23446000
2020-02-07,MSFT,182.850006,185.630005,182.479996,183.889999,176.557831,33529100
2020-02-07,ORCL,54.27,54.970001,54.189999,54.720001,50.996181,7864800
2020-02-10,GOOG,73.716003,75.474998,73.716003,75.433998,75.348259,28398000
2020-02-10,MSFT,183.580002,188.839996,183.25,188.699997,181.17601,35844300
2020-02-10,ORCL,54.720001,55.07,54.450001,54.990002,51.247814,7198200
2020-02-11,GOOG,75.5905,76.481499,75.281898,75.439499,75.353752,26892000
2020-02-11,MSFT,190.649994,190.699997,183.5,184.440002,177.085907,53159900
2020-02-11,ORCL,55.169998,55.540001,55.110001,55.150002,51.396908,8466600
2020-02-12,MSFT,185.580002,185.850006,181.850006,184.710007,177.345139,47062900
2020-02-12,ORCL,55.549999,55.889999,55.25,55.73,51.937443,7541100
2020-02-12,GOOG,75.723999,76.034752,75.405502,75.913498,75.827209,23352000
2020-02-13,ORCL,55.310001,55.639999,55.009998,55.310001,51.546036,8480100
2020-02-13,GOOG,75.634499,76.359001,75.230003,75.733002,75.646919,18590000
2020-02-13,MSFT,183.080002,186.229996,182.869995,183.710007,176.385025,35295800
2020-02-14,ORCL,55.380001,55.84,55.240002,55.470001,51.695137,7496800
2020-02-14,GOOG,75.779999,76.037003,75.366997,76.037003,75.950577,23956000
2020-02-14,MSFT,183.25,185.410004,182.649994,185.350006,177.95961,23149500
2020-02-18,ORCL,55.419998,55.759998,55.099998,55.450001,51.676498,7185700
2020-02-18,GOOG,75.75,76.581497,75.629501,75.983498,75.897133,22414000
2020-02-18,MSFT,185.610001,187.699997,185.5,187.229996,179.764633,27792200
2020-02-19,ORCL,55.59,55.77,55.389999,55.439999,51.667175,6819200
2020-02-19,MSFT,188.059998,188.179993,186.470001,187.279999,180.303772,29997500
2020-02-19,GOOG,76.253502,76.605301,76.07,76.334503,76.247734,18986000
2020-02-20,MSFT,186.949997,187.25,181.100006,184.419998,177.550278,36862400
2020-02-20,ORCL,55.400002,55.869999,54.880001,55.509998,51.732418,6114600
2020-02-20,GOOG,76.099998,76.482002,75.341003,75.907501,75.82122,21932000
2020-02-21,MSFT,183.169998,183.5,177.25,178.589996,171.937469,48572600
2020-02-21,ORCL,55.080002,55.34,54.439999,54.68,50.958893,9078600
2020-02-21,GOOG,75.401497,75.610748,74.022003,74.255501,74.171097,34634000
2020-02-24,MSFT,167.770004,174.550003,163.229996,170.889999,164.524338,68311100
2020-02-24,ORCL,53.099998,53.529999,52.509998,52.650002,49.067047,10992500
2020-02-24,GOOG,71.305496,71.848503,70.569504,71.079498,70.998703,57342000
2020-02-25,ORCL,53.07,53.220001,50.799999,50.959999,47.49205,12202600
2020-02-25,GOOG,71.650002,71.906998,69.120003,69.422501,69.34359,49566000
2020-02-25,MSFT,174.199997,174.839996,167.649994,168.070007,161.809372,68073300
2020-02-26,GOOG,69.806999,70.785004,68.949997,69.658997,69.579819,44048000
2020-02-26,MSFT,169.710007,173.259995,168.210007,170.169998,163.831146,56206100
2020-02-26,ORCL,51.310001,53.139999,51.240002,52.049999,48.507874,16413100
2020-02-27,GOOG,68.102997,68.585197,65.858498,65.904503,65.82959,59566000
2020-02-27,MSFT,163.320007,167.029999,157.979996,158.179993,152.287766,93174900
2020-02-27,ORCL,50.880001,53.459999,50.759998,50.779999,47.324306,16161100
2020-02-28,GOOG,63.875,67.056999,63.549999,66.966499,66.890381,75782000
2020-02-28,MSFT,152.410004,163.710007,152.0,162.009995,155.975113,97012700
2020-02-28,ORCL,49.240002,49.889999,47.900002,49.459999,46.094128,24426000
2020-03-02,GOOG,67.580498,69.543503,66.340752,69.455498,69.376549,48630000
2020-03-02,ORCL,49.73,50.900002,48.669998,50.900002,47.436142,17328500
2020-03-02,MSFT,165.309998,172.919998,162.309998,172.789993,166.353531,71030800
2020-03-03,ORCL,50.619999,51.84,48.25,48.849998,45.525646,21830500
2020-03-03,GOOG,69.971001,70.5075,66.599998,67.069504,66.993271,48046000
2020-03-03,MSFT,173.800003,175.0,162.259995,164.509995,158.382004,71677000
2020-03-04,ORCL,49.849998,50.59,48.830002,50.540001,47.100636,14813700
2020-03-04,GOOG,67.961502,69.404503,67.155502,69.325996,69.2472,38266000
2020-03-04,MSFT,168.490005,170.699997,165.619995,170.550003,164.196976,49814400
2020-03-05,ORCL,49.23,49.68,47.75,48.0,44.73349,15843000
2020-03-05,GOOG,67.510002,67.945503,65.254997,65.952003,65.877037,51226000
2020-03-05,MSFT,166.050003,170.869995,165.690002,166.270004,160.076416,47817300
2020-03-06,GOOG,63.853001,65.310997,63.052502,64.920502,64.84671,53212000
2020-03-06,MSFT,162.610001,163.110001,156.0,161.570007,155.551498,72821100
2020-03-06,ORCL,46.57,48.299999,46.459999,47.369999,44.146362,24581400
2020-03-09,MSFT,151.0,157.75,150.0,150.619995,145.009354,70419300
2020-03-09,ORCL,44.950001,47.57,44.66,46.009998,42.878914,25949300
2020-03-09,GOOG,60.264999,62.737999,60.0,60.778,60.708916,67308000
2020-03-10,MSFT,158.160004,161.029999,152.580002,160.919998,154.925705,65354400
2020-03-10,ORCL,47.450001,48.91,46.16,48.580002,45.274025,27067700
2020-03-10,GOOG,63.0,64.057503,60.938499,64.019501,63.946732,52228000
2020-03-11,MSFT,157.130005,157.699997,151.149994,153.630005,147.907257,56371600
2020-03-11,ORCL,46.810001,47.48,44.27,44.720001,41.676697,24139200
2020-03-11,GOOG,62.485001,63.048,59.803501,60.7705,60.701424,52170000
2020-03-12,ORCL,41.119999,43.400002,39.709999,39.799999,37.091515,24123800
2020-03-12,GOOG,56.299999,59.693501,55.665001,55.745499,55.682137,84534000
2020-03-12,MSFT,145.300003,153.470001,138.580002,139.059998,133.87999,93226400
2020-03-13,GOOG,58.950001,60.987999,55.857151,60.9865,60.917179,74002000
2020-03-13,MSFT,147.5,161.910004,140.729996,158.830002,152.913589,92727400
2020-03-13,ORCL,44.450001,47.990002,43.419998,47.93,44.668251,28339400
2020-03-16,GOOG,54.799999,57.61335,53.722,54.216499,54.154873,85048000
2020-03-16,MSFT,140.0,149.350006,135.0,135.419998,130.37558,87905900
2020-03-16,ORCL,42.509998,47.57,41.259998,42.720001,39.812805,27493700
2020-03-17,GOOG,54.655499,56.542999,52.800499,55.990002,55.926361,77230000
2020-03-17,MSFT,140.0,147.5,135.0,146.570007,141.11026,81059800
2020-03-17,ORCL,43.619999,47.709999,41.66,46.860001,43.67107,25588900
2020-03-18,MSFT,138.0,146.0,135.020004,140.399994,135.17009,81593200
2020-03-18,ORCL,43.669998,47.799999,42.560001,47.27,44.053173,29557000
2020-03-18,GOOG,52.8255,55.325001,51.863998,54.84,54.777664,84668000
2020-03-19,ORCL,46.470001,47.970001,44.869999,45.07,42.00288,20159100
2020-03-19,GOOG,54.6525,57.898499,53.005402,55.7645,55.701115,73022000
2020-03-19,MSFT,142.770004,150.149994,139.0,142.710007,137.394073,85922700
2020-03-20,ORCL,45.02,46.700001,44.509998,45.650002,42.543404,26340800
2020-03-20,GOOG,56.785999,57.199501,53.274502,53.616001,53.555058,72036000
2020-03-20,MSFT,146.0,147.100006,135.860001,137.350006,132.233719,84866200
2020-03-23,ORCL,45.0,46.490002,43.889999,44.189999,41.18277,23063700
2020-03-23,GOOG,53.066002,53.566002,50.6768,52.831001,52.77095,80882000
2020-03-23,MSFT,137.009995,140.570007,132.520004,135.979996,130.914734,78975200
2020-03-24,ORCL,45.330002,48.009998,45.299999,47.84,44.584377,19323700
2020-03-24,MSFT,143.75,149.600006,141.270004,148.339996,142.814331,82516700
2020-03-24,GOOG,55.188499,56.75,54.530998,56.723,56.658524,66890000
2020-03-25,MSFT,148.910004,154.330002,144.440002,146.919998,141.44722,75638200
2020-03-25,ORCL,47.099998,48.740002,45.48,45.939999,42.813679,25625800
2020-03-25,GOOG,56.323502,57.445,54.300499,55.1245,55.061844,81630000
2020-03-26,MSFT,148.399994,156.660004,148.369995,156.110001,150.294876,64568100
2020-03-26,ORCL,46.380001,50.740002,46.189999,50.48,47.04472,22417900
2020-03-26,GOOG,55.59,58.498501,54.676498,58.087502,58.021477,71434000
2020-03-27,MSFT,151.75,154.889999,149.199997,149.699997,144.123627,57042300
2020-03-27,ORCL,49.09,51.599998,48.560001,49.830002,46.438957,20025300
2020-03-27,GOOG,56.283501,57.533501,55.295502,55.5355,55.472374,64170000
2020-03-30,ORCL,50.400002,51.59,49.59,50.360001,46.932888,20611900
2020-03-30,GOOG,56.251999,57.581501,54.824001,57.341,57.275822,51482000
2020-03-30,MSFT,152.440002,160.600006,150.009995,160.229996,154.261429,63420300
2020-03-31,GOOG,57.365002,58.765499,56.907001,58.140499,58.074413,49728000
2020-03-31,MSFT,159.399994,164.779999,156.559998,157.710007,151.835297,77927200
2020-03-31,ORCL,51.119999,51.18,48.0,48.330002,45.041027,15802000
2020-04-01,GOOG,56.099998,56.484501,54.872501,55.280998,55.218163,46884000
2020-04-01,MSFT,153.0,157.75,150.820007,152.110001,146.443878,57969900
2020-04-01,ORCL,46.549999,48.990002,46.040001,48.709999,45.395164,17918200
2020-04-02,MSFT,151.860001,155.479996,150.360001,155.259995,149.476563,49630700
2020-04-02,ORCL,48.18,49.889999,48.099998,49.799999,46.410999,16434400
2020-04-02,GOOG,54.912998,56.342999,54.82,56.042,55.978298,39298000
2020-04-03,ORCL,49.299999,50.049999,48.950001,49.400002,46.038223,13362500
2020-04-03,GOOG,55.950748,56.176998,53.990501,54.894001,54.831604,46268000
2020-04-03,MSFT,155.100006,157.380005,152.190002,153.830002,148.099854,41243300
2020-04-06,ORCL,50.400002,51.880001,50.349998,51.490002,47.985989,13845800
2020-04-06,GOOG,56.900002,59.733002,56.547001,59.346001,59.278545,53294000
2020-04-06,MSFT,160.320007,166.5,157.580002,165.270004,159.113678,67111700
2020-04-07,ORCL,52.150002,52.330002,50.709999,50.759998,47.305672,14063000
2020-04-07,GOOG,61.049999,61.25,59.1115,59.3255,59.258068,47746000
2020-04-07,MSFT,169.589996,170.0,163.259995,163.490005,157.399979,62769000
2020-04-08,GOOG,60.325001,60.953499,59.408001,60.514,60.445217,39502000
2020-04-08,MSFT,165.669998,166.669998,163.5,165.130005,158.978897,48318200
2020-04-08,ORCL,50.98,52.68,50.880001,52.130001,48.813225,15710700
2020-04-09,MSFT,166.360001,167.369995,163.330002,165.139999,158.988525,51385100
2020-04-09,ORCL,52.240002,53.619999,52.029999,53.18,49.796421,15521200
2020-04-09,GOOG,61.203999,61.2785,59.83675,60.572498,60.503647,43508000
2020-04-13,MSFT,164.350006,165.570007,162.300003,165.509995,159.344711,41905300
2020-04-13,ORCL,52.700001,53.139999,52.400002,52.970001,49.599792,12694800
2020-04-13,GOOG,60.459,61.025501,59.379902,60.877998,60.8088,34796000
2020-04-14,MSFT,169.0,173.75,168.0,173.699997,167.229645,52874300
2020-04-14,ORCL,53.709999,54.099998,53.450001,54.0,50.564251,11674600
2020-04-14,GOOG,62.254501,64.1035,61.8465,63.461498,63.389362,49408000
2020-04-15,MSFT,171.199997,173.570007,169.240005,171.880005,165.477478,40940800
2020-04-15,GOOG,62.280499,64.023003,62.02,63.123501,63.05175,33434000
2020-04-15,ORCL,53.209999,53.450001,52.810001,53.16,49.777699,10398100
2020-04-16,GOOG,63.705002,63.950001,62.131001,63.1735,63.101692,50362000
2020-04-16,MSFT,174.300003,177.279999,172.899994,177.039993,170.445236,50479600
2020-04-16,ORCL,53.150002,53.869999,53.07,53.700001,50.283333,14098300
2020-04-17,GOOG,64.2425,64.721497,63.561501,64.162498,64.089569,38980000
2020-04-17,MSFT,179.5,180.0,175.869995,178.600006,171.947159,52765600
2020-04-17,ORCL,54.52,54.720001,53.970001,54.619999,51.144798,13608800
2020-04-20,GOOG,63.549999,64.080002,63.068501,63.330502,63.258514,33910000
2020-04-20,MSFT,176.630005,178.75,174.990005,175.059998,168.539017,36669600
2020-04-20,ORCL,54.049999,54.580002,53.799999,53.91,50.479977,10358900
2020-04-21,MSFT,173.5,173.669998,166.110001,167.820007,161.568695,56203700
2020-04-21,ORCL,53.23,53.34,51.119999,51.310001,48.045406,14111700
2020-04-21,GOOG,62.349998,62.713501,60.4855,60.817001,60.747871,43060000
2020-04-22,ORCL,52.029999,52.580002,51.77,52.27,48.944313,9668300
2020-04-22,GOOG,62.277,64.280647,62.099998,63.1605,63.088707,41848000
2020-04-22,MSFT,171.389999,174.0,170.820007,173.520004,167.056366,34620200
2020-04-23,ORCL,52.23,52.990002,51.450001,51.970001,48.66341,10330200
2020-04-23,GOOG,63.577499,64.665497,63.283501,63.815498,63.742962,31324000
2020-04-23,MSFT,174.110001,175.059998,170.910004,171.419998,165.034592,32790800
2020-04-24,ORCL,52.41,53.049999,51.959999,53.009998,49.637241,9403500
2020-04-24,GOOG,63.058498,64.019997,62.4725,63.9655,63.892792,32792000
2020-04-24,MSFT,172.059998,174.559998,170.710007,174.550003,168.048004,34277600
2020-04-27,GOOG,64.800003,64.807503,63.450001,63.793999,63.721485,32012000
2020-04-27,MSFT,176.589996,176.899994,173.300003,174.050003,167.56665,33194400
2020-04-27,ORCL,53.360001,53.639999,53.060001,53.369999,49.974331,9123200
2020-04-28,MSFT,175.589996,175.669998,169.389999,169.809998,163.484543,34392700
2020-04-28,ORCL,53.900002,54.150002,53.130001,53.200001,49.815151,8350500
2020-04-28,GOOG,64.3965,64.402496,61.610001,61.683498,61.613384,59026000
2020-04-29,MSFT,173.220001,177.679993,171.880005,177.429993,170.820724,51286600
2020-04-29,ORCL,53.950001,54.279999,53.689999,53.880001,50.451881,9064100
2020-04-29,GOOG,67.072998,67.999496,66.266998,67.073997,66.997757,75872000
2020-04-30,MSFT,180.0,180.399994,176.229996,179.210007,172.534409,53875900
2020-04-30,ORCL,53.470001,53.599998,52.799999,52.970001,49.599792,11808800
2020-04-30,GOOG,66.244003,67.640999,66.124496,67.432999,67.356354,53378000
2020-05-01,ORCL,52.380001,52.439999,51.310001,51.790001,48.494862,8702400
2020-05-01,GOOG,66.425003,67.6035,65.550003,66.030502,65.955444,41450000
2020-05-01,MSFT,175.800003,178.639999,174.009995,174.570007,168.067261,39370500
2020-05-04,GOOG,65.411499,66.383003,64.949997,66.339996,66.264587,30080000
2020-05-04,MSFT,174.490005,179.0,173.800003,178.839996,172.178177,30372900
2020-05-04,ORCL,51.709999,51.790001,51.099998,51.75,48.457405,7567900
2020-05-05,GOOG,66.896004,68.696999,66.873001,67.555496,67.478706,33030000
2020-05-05,MSFT,180.619995,183.649994,179.899994,180.759995,174.026672,36839200
2020-05-05,ORCL,52.220001,52.860001,51.990002,52.049999,48.738319,7271800
2020-05-06,GOOG,68.084503,68.556,67.364502,67.364998,67.288429,24308000
2020-05-06,MSFT,182.080002,184.199997,181.630005,182.539993,175.740356,32139300
2020-05-06,ORCL,52.43,52.5,51.700001,51.860001,48.560417,7050000
2020-05-07,GOOG,68.296997,68.879997,67.763496,68.627998,68.549995,27952000
2020-05-07,ORCL,52.400002,52.919998,52.27,52.599998,49.253326,7154700
2020-05-07,MSFT,184.169998,184.550003,182.580002,183.600006,176.760895,28316000
2020-05-08,ORCL,53.189999,53.779999,52.77,53.57,50.16161,8130800
2020-05-08,GOOG,69.156502,69.938004,68.774002,69.418503,69.3396,27738000
2020-05-08,MSFT,184.979996,185.0,183.360001,184.679993,177.800629,30877800
2020-05-11,ORCL,53.130001,53.830002,53.060001,53.529999,50.124142,8138600
2020-05-11,GOOG,68.914001,70.8265,68.857597,70.163002,70.083252,28242000
2020-05-11,MSFT,183.149994,187.509995,182.850006,186.740005,179.78392,30892700
2020-05-12,ORCL,53.799999,53.830002,52.25,52.27,48.944313,8598800
2020-05-12,GOOG,70.356003,70.75,68.738503,68.787003,68.708817,27812000
2020-05-12,MSFT,186.800003,187.039993,182.300003,182.509995,175.711487,32038200
2020-05-13,GOOG,68.852501,69.274101,66.419998,67.466499,67.389816,36252000
2020-05-13,MSFT,182.550003,184.050003,176.539993,179.75,173.054276,44711500
2020-05-13,ORCL,52.43,52.490002,51.279999,51.650002,48.363766,10274300
2020-05-14,MSFT,177.539993,180.690002,175.679993,180.529999,173.805222,41873900
2020-05-14,ORCL,51.139999,53.029999,50.860001,52.91,49.543606,13794000
2020-05-14,GOOG,66.750999,67.871002,66.195503,67.806503,67.729431,32062000
2020-05-15,MSFT,179.059998,187.059998,177.0,183.160004,176.33728,46610400
2020-05-15,ORCL,52.700001,53.990002,52.52,52.919998,49.552959,39055700
2020-05-15,GOOG,67.5,68.723999,66.949997,68.6595,68.581459,34154000
2020-05-18,MSFT,185.75,186.199997,183.960007,184.910004,178.022079,35264500
2020-05-18,ORCL,53.91,53.950001,53.07,53.150002,49.768326,9901900
2020-05-18,GOOG,68.087502,69.616249,67.712502,69.196999,69.118347,36448000
2020-05-19,MSFT,185.029999,186.600006,183.490005,183.630005,176.789764,26799100
2020-05-19,GOOG,69.349854,69.599998,68.674248,68.674248,68.596191,25612000
2020-05-19,ORCL,53.18,53.25,52.32,52.34,49.009869,9805100
2020-05-20,GOOG,69.478996,70.521004,69.362503,70.335999,70.25605,33108000
2020-05-20,MSFT,184.809998,185.850006,183.940002,185.660004,179.241959,31261300
2020-05-20,ORCL,53.09,53.27,52.650002,52.900002,49.534241,9115900
2020-05-21,GOOG,70.400002,70.774498,69.672501,70.139999,70.060272,27700000
2020-05-21,MSFT,185.399994,186.669998,183.289993,183.429993,177.089066,29119500
2020-05-21,ORCL,52.759998,52.939999,52.119999,52.220001,48.897507,7464000
2020-05-22,GOOG,69.835503,70.638,69.591499,70.521004,70.440842,26188000
2020-05-22,MSFT,183.190002,184.460007,182.539993,183.509995,177.16629,20826900
2020-05-22,ORCL,52.34,52.639999,52.080002,52.619999,49.272053,7211700
2020-05-26,MSFT,186.339996,186.5,181.100006,181.570007,175.29335,36073600
2020-05-26,ORCL,53.650002,53.68,52.650002,52.779999,49.421867,11200600
2020-05-26,GOOG,71.863503,72.050003,70.606499,70.850998,70.770462,41212000
2020-05-27,ORCL,53.0,53.25,52.57,53.200001,49.815151,9228100
2020-05-27,GOOG,70.862503,71.086998,69.564499,70.891998,70.811417,33716000
2020-05-27,MSFT,180.199997,181.990005,176.600006,181.809998,175.52504,39517100
2020-05-28,ORCL,53.759998,54.150002,53.220001,53.619999,50.208424,9465400
2020-05-28,GOOG,69.843002,72.042,69.800003,70.836502,70.755981,33844000
2020-05-28,MSFT,180.740005,184.149994,180.380005,181.399994,175.129242,33810200
2020-05-29,ORCL,53.619999,53.939999,52.990002,53.77,50.348885,14734800
2020-05-29,GOOG,70.847,71.628502,70.667503,71.445999,71.364792,36418000
2020-05-29,MSFT,182.729996,184.270004,180.410004,183.25,176.915268,42130400
2020-06-01,ORCL,53.279999,53.389999,52.790001,53.060001,49.684055,7363200
2020-06-01,MSFT,182.539993,183.0,181.460007,182.830002,176.509766,22622400
2020-06-01,GOOG,70.919502,71.898003,70.900002,71.591003,71.509628,24342000
2020-06-02,MSFT,184.25,185.0,181.350006,184.910004,178.517883,30794600
2020-06-02,ORCL,53.240002,53.290001,52.639999,53.279999,49.890057,8756300
2020-06-02,GOOG,71.527496,71.980499,70.941498,71.960999,71.879204,25562000
2020-06-03,MSFT,184.820007,185.940002,183.580002,185.360001,178.952347,27311000
2020-06-03,ORCL,53.330002,53.619999,52.990002,53.490002,50.0867,9188700
2020-06-03,GOOG,71.915001,72.327599,71.488853,71.819,71.737366,25124000
2020-06-04,MSFT,184.300003,185.839996,182.300003,182.919998,176.59668,28761800
2020-06-04,ORCL,53.23,53.689999,52.630001,52.849998,49.487415,9696000
2020-06-04,GOOG,71.519997,71.947998,70.236504,70.609001,70.52874,29686000
2020-06-05,ORCL,53.09,54.27,52.740002,53.98,50.545528,12210100
2020-06-05,GOOG,70.658501,72.252502,70.300003,71.919502,71.837753,34698000
2020-06-05,MSFT,182.619995,187.729996,182.009995,187.199997,180.728729,39893600
2020-06-08,GOOG,71.116997,72.399498,71.116997,72.330498,72.248283,28084000
2020-06-08,MSFT,185.940002,188.550003,184.440002,188.360001,181.848633,33211600
2020-06-08,ORCL,53.349998,55.119999,53.279999,55.099998,51.594254,11519500
2020-06-09,GOOG,72.267998,73.400002,72.1605,72.807999,72.725243,28184000
2020-06-09,MSFT,188.0,190.699997,187.259995,189.800003,183.238846,29783900
2020-06-09,ORCL,55.0,55.060001,53.880001,54.18,50.7328,8852500
2020-06-10,GOOG,72.976997,73.712952,72.813499,73.292503,73.209198,30504000
2020-06-10,MSFT,191.130005,198.520004,191.009995,196.839996,190.035492,43872300
2020-06-10,ORCL,54.5,54.66,53.900002,54.110001,50.667244,7436700
2020-06-11,MSFT,193.130005,195.759995,186.070007,186.270004,179.830887,52854700
2020-06-11,ORCL,53.25,53.560001,51.23,51.310001,48.045406,12805700
2020-06-11,GOOG,72.124001,72.723747,70.099998,70.192001,70.112213,39826000
2020-06-12,ORCL,52.450001,53.0,50.98,51.860001,48.560417,11537200
2020-06-12,GOOG,71.4245,71.849998,69.301003,70.658997,70.578682,38928000
2020-06-12,MSFT,190.539993,191.720001,185.179993,187.740005,181.250046,43373600
2020-06-15,ORCL,50.959999,53.43,50.91,53.25,49.861965,16038100
2020-06-15,GOOG,69.540001,71.239998,69.396004,70.9925,70.911804,30078000
2020-06-15,MSFT,184.580002,190.820007,184.009995,188.940002,182.408585,32770200
2020-06-16,ORCL,54.459999,55.0,53.779999,54.59,51.116711,19380200
2020-06-16,GOOG,72.261002,72.750999,71.294998,72.136002,72.054008,34184000
2020-06-16,MSFT,192.889999,195.580002,191.460007,193.570007,186.878525,42556700
2020-06-17,GOOG,72.358002,73.0,71.569,72.556,72.473526,30992000
2020-06-17,MSFT,195.029999,196.320007,193.690002,194.240005,187.525391,25687800
2020-06-17,ORCL,53.029999,53.740002,51.5,51.52,48.242039,28692600
2020-06-18,MSFT,194.0,196.490005,194.0,196.320007,189.533478,23061600
2020-06-18,ORCL,51.599998,54.0,51.32,53.689999,50.273968,19259500
2020-06-18,GOOG,72.458,72.570503,71.350502,71.797997,71.716385,31638000
2020-06-19,MSFT,198.589996,199.289993,194.369995,195.149994,188.403885,44441100
2020-06-19,ORCL,54.209999,54.459999,52.98,54.400002,50.938808,33051200
2020-06-19,GOOG,72.199997,72.389999,71.067497,71.585999,71.504631,63158000
2020-06-22,MSFT,195.789993,200.759995,195.229996,200.570007,193.636551,32818900
2020-06-22,ORCL,54.09,55.389999,53.880001,55.119999,51.612988,16705900
2020-06-22,GOOG,71.449997,72.637497,71.1605,72.593002,72.51049,30848000
2020-06-23,MSFT,202.089996,203.949997,201.429993,201.910004,194.930222,30917400
2020-06-23,GOOG,72.781998,73.79705,72.262001,73.220497,73.137268,28596000
2020-06-23,ORCL,55.299999,55.970001,55.130001,55.189999,51.678528,18695000
2020-06-24,GOOG,73.0755,73.771004,71.487503,71.598503,71.51712,35120000
2020-06-24,MSFT,201.600006,203.25,196.559998,197.839996,191.0009,36740600
2020-06-24,ORCL,55.119999,55.68,54.330002,54.439999,50.976254,18287400
2020-06-25,GOOG,71.495003,72.144997,71.0,72.066498,71.984581,24610000
2020-06-25,MSFT,197.800003,200.610001,195.470001,200.339996,193.414505,27803900
2020-06-25,ORCL,54.400002,54.59,53.540001,54.529999,51.06052,16008700
2020-06-26,GOOG,71.569504,71.672501,67.599503,67.995003,67.917717,85354000
2020-06-26,MSFT,199.729996,199.889999,194.880005,196.330002,189.543121,54675800
2020-06-26,ORCL,54.349998,54.59,53.630001,54.18,50.7328,17969400
2020-06-29,ORCL,54.23,54.959999,53.849998,54.759998,51.275894,14366900
2020-06-29,GOOG,67.908997,69.779999,67.350502,69.748497,69.66922,36204000
2020-06-29,MSFT,195.779999,198.529999,193.550003,198.440002,191.580185,26701600
2020-06-30,ORCL,54.799999,55.439999,54.5,55.27,51.753452,18885900
2020-06-30,GOOG,69.522003,70.932503,69.197998,70.680496,70.600159,40848000
2020-06-30,MSFT,197.880005,204.399994,197.740005,203.509995,196.474869,34310300
2020-07-01,ORCL,54.689999,55.880001,54.68,55.490002,51.95945,17856800
2020-07-01,MSFT,203.139999,206.350006,201.770004,204.699997,197.623749,32061200
2020-07-01,GOOG,70.555,72.150002,70.490997,71.902,71.820274,35504000
2020-07-02,MSFT,205.679993,208.020004,205.0,206.259995,199.129868,29315800
2020-07-02,ORCL,55.790001,56.43,55.650002,55.939999,52.38081,15478900
2020-07-02,GOOG,72.347,74.147499,72.320999,73.235001,73.151756,37182000
2020-07-06,MSFT,208.830002,211.130005,208.089996,210.699997,203.416351,31897600
2020-07-06,GOOG,74.002998,75.329498,73.642998,74.785004,74.699997,31280000
2020-07-06,ORCL,56.200001,56.830002,56.16,56.599998,52.998817,15309700
2020-07-07,GOOG,74.5,75.839996,74.177498,74.259003,74.174599,29164000
2020-07-07,ORCL,56.349998,56.950001,56.220001,56.310001,52.727272,13232100
2020-07-07,MSFT,210.449997,214.669998,207.990005,208.25,201.051056,33600700
2020-07-08,GOOG,74.716003,75.293999,74.281502,74.800003,74.714981,24994000
2020-07-08,MSFT,210.070007,213.259995,208.690002,212.830002,205.472717,33600000
2020-07-08,ORCL,56.630001,56.68,55.990002,56.66,53.055012,12582200
2020-07-09,GOOG,75.322502,76.136002,74.404251,75.5495,75.463623,28466000
2020-07-09,MSFT,216.330002,216.380005,211.470001,214.320007,206.911209,33121700
2020-07-09,ORCL,56.990002,57.799999,56.82,57.529999,53.869644,15692600
2020-07-10,ORCL,57.470001,57.52,56.689999,57.389999,53.738564,12615800
2020-07-10,GOOG,75.307503,77.191498,74.827003,77.086998,76.999374,37126000
2020-07-10,MSFT,213.619995,214.080002,211.080002,213.669998,206.283691,26177600
2020-07-13,GOOG,77.5,78.856598,75.262154,75.567001,75.48111,36928000
2020-07-13,ORCL,57.400002,57.84,56.970001,57.009998,53.382732,15965600
2020-07-13,MSFT,214.479996,215.800003,206.5,207.070007,199.911835,38135600
2020-07-14,ORCL,56.669998,57.290001,56.48,57.200001,53.787079,15510300
2020-07-14,MSFT,206.130005,208.850006,202.029999,208.350006,201.147629,37591800
2020-07-14,GOOG,74.515503,76.147499,74.175003,76.028999,75.942581,31700000
2020-07-15,MSFT,209.559998,211.330002,205.029999,208.039993,200.848343,32179400
2020-07-15,ORCL,57.419998,57.84,56.380001,56.619999,53.24168,10570800
2020-07-15,GOOG,76.156502,76.766502,74.900002,75.681999,75.595978,32214000
2020-07-16,ORCL,56.419998,56.490002,55.580002,55.82,52.489418,8779300
2020-07-16,GOOG,75.0,75.934502,74.315498,75.900002,75.813728,30386000
2020-07-16,MSFT,205.399994,205.699997,202.309998,203.919998,196.870728,29940700
2020-07-17,ORCL,56.080002,56.119999,54.759998,54.900002,51.624317,14344800
2020-07-17,GOOG,76.081001,76.171997,74.920998,75.777496,75.69136,29134000
2020-07-17,MSFT,204.470001,205.039993,201.389999,202.880005,195.866684,31635300
2020-07-20,ORCL,54.880001,55.52,54.689999,55.400002,52.09449,11469300
2020-07-20,GOOG,75.763,78.514503,75.18,78.286003,78.197021,31146000
2020-07-20,MSFT,205.0,212.300003,203.009995,211.600006,204.285278,36884800
2020-07-21,GOOG,79.349503,79.349503,77.713997,77.920998,77.832428,24324000
2020-07-21,MSFT,213.660004,213.940002,208.029999,208.75,201.533768,37990400
2020-07-21,ORCL,55.799999,56.34,55.580002,55.91,52.574047,11875100
2020-07-22,ORCL,55.700001,56.18,55.700001,56.009998,52.668079,13842400
2020-07-22,MSFT,209.199997,212.300003,208.389999,211.75,204.430038,49605700
2020-07-22,GOOG,78.025002,78.5,77.305,78.4245,78.335358,18640000
2020-07-23,GOOG,78.348503,78.593498,75.369598,75.783997,75.697853,32552000
2020-07-23,MSFT,207.190002,210.919998,202.149994,202.539993,195.538406,67457000
2020-07-23,ORCL,56.0,56.360001,55.599998,55.759998,52.433002,12576000
2020-07-24,ORCL,55.470001,56.040001,55.259998,55.650002,52.329567,8939700
2020-07-24,MSFT,200.419998,202.860001,197.509995,201.300003,194.341309,39827000
2020-07-24,GOOG,74.946503,75.881798,74.419998,75.593498,75.507576,30880000
2020-07-27,ORCL,55.66,55.950001,55.32,55.34,52.038059,10319600
2020-07-27,GOOG,75.779999,77.0485,75.760498,76.510002,76.423035,24920000
2020-07-27,MSFT,201.470001,203.970001,200.860001,203.850006,196.803177,30160900
2020-07-28,ORCL,55.25,55.740002,55.200001,55.349998,52.047459,13030100
2020-07-28,GOOG,76.259003,76.323997,74.883003,75.016998,74.931732,34044000
2020-07-28,MSFT,203.610001,204.699997,201.740005,202.020004,195.036407,23251400
2020-07-29,ORCL,55.560001,55.900002,55.349998,55.700001,52.376583,7242700
2020-07-29,MSFT,202.5,204.649994,202.009995,204.059998,197.005875,19632600
2020-07-29,GOOG,75.316002,76.562599,75.066498,76.100998,76.014496,22130000
2020-07-30,GOOG,74.849998,76.893501,74.611,76.572502,76.485466,33428000
2020-07-30,MSFT,201.0,204.460007,199.570007,203.899994,196.85144,25079600
2020-07-30,ORCL,55.0,55.48,54.889999,55.25,51.953426,7633200
2020-07-31,GOOG,75.250504,75.447502,72.7015,74.148003,74.063721,68798000
2020-07-31,MSFT,204.399994,205.100006,199.009995,205.009995,197.92305,51044000
2020-07-31,ORCL,55.0,55.470001,54.330002,55.450001,52.141499,9355800
2020-08-03,ORCL,55.779999,56.09,55.490002,55.98,52.63987,9164900
2020-08-03,MSFT,211.520004,217.639999,210.440002,216.539993,209.05452,78983000
2020-08-03,GOOG,74.332001,74.523499,73.281998,73.722504,73.638702,46604000
2020-08-04,GOOG,73.828499,74.278,72.932503,73.248497,73.165237,38070000
2020-08-04,MSFT,214.169998,214.770004,210.309998,213.289993,205.916794,49280100
2020-08-04,ORCL,55.779999,56.009998,55.529999,56.0,52.65868,6364300
2020-08-05,MSFT,214.899994,215.0,211.570007,212.940002,205.578903,28806400
2020-08-05,ORCL,56.32,56.32,55.380001,55.5,52.188515,6629000
2020-08-05,GOOG,73.464996,74.120499,73.172997,73.680496,73.596748,39590000
2020-08-06,ORCL,55.490002,55.599998,54.939999,55.279999,51.981636,8169600
2020-08-06,MSFT,212.339996,216.369995,211.550003,216.350006,208.871017,32656800
2020-08-06,GOOG,73.587502,75.119499,73.300003,75.004997,74.919739,39908000
2020-08-07,ORCL,55.009998,55.240002,54.759998,55.23,51.934624,8772300
2020-08-07,GOOG,75.0,75.842247,74.082001,74.724503,74.639565,31556000
2020-08-07,MSFT,214.850006,215.699997,210.929993,212.479996,205.134827,27820400
2020-08-10,MSFT,211.669998,211.880005,206.350006,208.25,201.051056,36716500
2020-08-10,ORCL,55.240002,55.619999,54.880001,54.939999,51.661926,10046900
2020-08-10,GOOG,74.359001,75.203751,73.653999,74.805,74.719971,25786000
2020-08-11,ORCL,55.240002,55.459999,54.139999,54.27,51.03191,8075100
2020-08-11,GOOG,74.622002,75.5,73.900002,74.015999,73.93187,29088000
2020-08-11,MSFT,207.160004,207.649994,203.139999,203.380005,196.349442,36446500
2020-08-12,ORCL,54.52,54.700001,53.970001,54.169998,50.937885,9068200
2020-08-12,MSFT,205.289993,210.279999,204.75,209.190002,201.958557,28013100
2020-08-12,GOOG,74.278999,75.619301,74.262497,75.331001,75.245377,28740000
2020-08-13,MSFT,209.440002,211.350006,208.149994,208.699997,201.485519,22588900
2020-08-13,GOOG,75.516998,76.862503,75.400253,75.922501,75.836205,29104000
2020-08-13,ORCL,53.91,54.200001,53.68,54.02,50.796818,8260300
2020-08-14,MSFT,208.759995,209.589996,207.509995,208.899994,201.678574,17958900
2020-08-14,ORCL,54.029999,54.560001,53.77,54.200001,50.966084,5454400
2020-08-14,GOOG,75.782997,76.095001,75.143997,75.386497,75.300812,27096000
2020-08-17,ORCL,54.200001,54.389999,53.66,53.990002,50.768616,9523700
2020-08-17,MSFT,209.600006,211.190002,208.919998,210.279999,203.010864,20184800
2020-08-17,GOOG,75.733498,76.280502,75.398499,75.899002,75.812729,27566000
2020-08-18,GOOG,76.308998,78.123497,76.185501,77.93,77.841423,40542000
2020-08-18,MSFT,210.529999,212.360001,209.210007,211.490005,204.179047,21336200
2020-08-18,ORCL,55.619999,56.93,54.869999,55.18,51.887611,21102600
2020-08-19,ORCL,55.580002,56.799999,55.459999,56.200001,52.846748,16751500
2020-08-19,MSFT,211.490005,212.100006,209.25,209.699997,202.940308,27627600
2020-08-19,GOOG,77.665497,78.683998,77.197502,77.376503,77.288551,33212000
2020-08-20,ORCL,55.59,55.810001,55.09,55.259998,51.96283,10974800
2020-08-20,MSFT,209.539993,215.0,208.910004,214.580002,207.66301,26981500
2020-08-20,GOOG,77.172501,79.293503,76.910004,79.087502,78.997604,34138000
2020-08-21,GOOG,78.851501,79.886002,78.400253,79.021004,78.931183,28930000
2020-08-21,ORCL,55.380001,55.450001,54.73,55.189999,51.897011,9552000
2020-08-21,MSFT,213.860001,216.25,212.850006,213.020004,206.15329,36249300
2020-08-24,GOOG,79.698997,80.708504,79.028503,79.410004,79.31974,28198000
2020-08-24,ORCL,55.759998,56.110001,55.439999,56.009998,52.668079,7892100
2020-08-24,MSFT,214.789993,215.520004,212.429993,213.690002,206.801697,25460100
2020-08-25,ORCL,56.150002,56.75,56.02,56.09,52.743313,7427000
2020-08-25,MSFT,213.100006,216.610001,213.100006,216.470001,209.492065,23043700
2020-08-25,GOOG,79.1035,80.581001,79.1035,80.411003,80.319603,44942000
2020-08-26,GOOG,80.400002,82.960999,80.18,82.619003,82.525093,79868000
2020-08-26,MSFT,217.880005,222.089996,217.360001,221.149994,214.021225,39600800
2020-08-26,ORCL,56.34,57.490002,56.060001,57.490002,54.059784,11597600
2020-08-27,ORCL,57.450001,58.450001,56.580002,57.18,53.768276,15834700
2020-08-27,GOOG,82.683998,82.75,81.287498,81.716499,81.623619,37232000
2020-08-27,MSFT,222.889999,231.149994,219.399994,226.580002,219.276184,57602200
2020-08-28,GOOG,81.6745,82.358498,81.537498,82.220497,82.127037,29980000
2020-08-28,MSFT,228.179993,230.639999,226.580002,228.910004,221.531082,26292900
2020-08-28,ORCL,57.330002,58.16,57.209999,57.880001,54.426506,8613800
2020-08-31,ORCL,57.130001,57.759998,57.040001,57.220001,53.805893,18683500
2020-08-31,GOOG,82.394501,82.398247,81.515503,81.709,81.616127,36468000
2020-08-31,MSFT,227.0,228.699997,224.309998,225.529999,218.26004,28774200
2020-09-01,ORCL,57.369999,58.009998,57.080002,57.66,54.219635,10169500
2020-09-01,GOOG,81.831497,83.286499,81.611,83.0355,82.941116,36506000
2020-09-01,MSFT,225.509995,227.449997,224.429993,227.270004,219.94397,25725500
2020-09-02,ORCL,57.720001,59.32,57.720001,59.029999,55.507889,14342800
2020-09-02,GOOG,83.688751,86.658997,83.316498,86.414001,86.315781,50224000
2020-09-02,MSFT,227.970001,232.860001,227.350006,231.649994,224.182755,34080800
2020-09-03,GOOG,85.485703,85.485703,80.752998,82.092003,81.998695,62156000
2020-09-03,ORCL,58.720001,58.990002,56.650002,57.099998,53.693047,15387400
2020-09-03,MSFT,229.270004,229.309998,214.960007,217.300003,210.295349,58400300
2020-09-04,ORCL,56.880001,57.27,55.16,55.73,52.404789,14697200
2020-09-04,MSFT,215.100006,218.360001,205.190002,214.25,207.343643,59664100
2020-09-04,GOOG,81.212997,82.255501,77.380653,79.552002,79.461578,52172000
2020-09-08,MSFT,206.5,210.029999,202.199997,202.660004,196.127258,52924300
2020-09-08,GOOG,76.675499,78.193253,76.400497,76.619499,76.53241,52218000
2020-09-08,ORCL,55.349998,55.790001,54.869999,55.32,52.019257,16472800
2020-09-09,ORCL,56.16,57.400002,55.860001,56.950001,53.552006,13993200
2020-09-09,GOOG,77.876503,78.449997,76.802551,77.848,77.759514,35494000
2020-09-09,MSFT,207.600006,214.839996,206.699997,211.289993,204.479034,45679000
2020-09-10,ORCL,57.439999,58.18,56.75,57.330002,53.909328,20500900
2020-09-10,GOOG,78.031998,79.204048,76.290253,76.600998,76.513931,32372000
2020-09-10,MSFT,213.399994,214.740005,204.110001,205.369995,198.749893,35461500
2020-09-11,GOOG,76.800003,78.760002,74.867996,76.036003,75.949577,31942000
2020-09-11,ORCL,60.709999,61.860001,56.869999,57.0,53.599014,40220600
2020-09-11,MSFT,207.199997,208.630005,201.240005,204.029999,197.453079,33620100
2020-09-14,GOOG,76.950249,78.199997,75.787003,75.963997,75.877655,33932000
2020-09-14,MSFT,204.240005,209.199997,204.029999,205.410004,198.788605,30375800
2020-09-14,ORCL,60.860001,61.5,59.349998,59.459999,55.912231,50107400
2020-09-15,GOOG,76.800003,77.9785,76.591751,77.071999,76.98439,26622000
2020-09-15,MSFT,208.419998,209.779999,206.929993,208.779999,202.049957,21823900
2020-09-15,ORCL,60.009998,61.68,59.389999,60.939999,57.303932,30385600
2020-09-16,GOOG,77.777,78.099998,75.990997,76.044998,75.958557,26234000
2020-09-16,ORCL,61.119999,61.389999,59.650002,60.43,56.824368,21223300
2020-09-16,MSFT,210.619995,210.649994,204.639999,205.050003,198.440216,26328100
2020-09-17,GOOG,74.800003,75.414902,73.5,74.776497,74.691498,37596000
2020-09-17,ORCL,59.419998,60.610001,59.0,60.18,56.589279,22831200
2020-09-17,MSFT,200.050003,204.330002,199.960007,202.910004,196.369156,34011300
2020-09-18,ORCL,59.98,60.290001,59.43,59.75,56.184937,49311700
2020-09-18,MSFT,202.800003,203.649994,196.25,200.389999,193.930405,55225300
2020-09-18,GOOG,74.900497,75.150146,71.856499,72.999496,72.916519,62078000
2020-09-21,GOOG,72.002998,72.417999,70.327499,71.557999,71.476662,57776000
2020-09-21,ORCL,62.459999,62.599998,60.029999,60.82,57.19109,32560400
2020-09-21,MSFT,197.190002,202.710007,196.380005,202.539993,196.011108,39839700
2020-09-22,ORCL,60.380001,60.75,59.459999,60.619999,57.003017,13306000
2020-09-22,GOOG,72.504501,73.475998,71.726501,73.273003,73.189713,31664000
2020-09-22,MSFT,205.059998,208.100006,202.080002,207.419998,200.73381,33517100
2020-09-23,ORCL,60.110001,60.490002,58.900002,58.959999,55.44207,15513500
2020-09-23,MSFT,207.899994,208.100006,200.029999,200.589996,194.123978,30803800
2020-09-23,GOOG,72.939003,73.047997,70.385002,70.760498,70.680069,33148000
2020-09-24,MSFT,199.850006,205.570007,199.199997,203.190002,196.640167,31202500
2020-09-24,GOOG,70.551498,72.185448,70.4925,71.414497,71.333321,29004000
2020-09-24,ORCL,58.740002,59.900002,58.290001,59.299999,55.761791,9560500
2020-09-25,ORCL,59.27,59.990002,58.959999,59.799999,56.231949,9371900
2020-09-25,MSFT,203.550003,209.039993,202.539993,207.820007,201.120941,29437300
2020-09-25,GOOG,71.6315,72.5,70.667,72.248001,72.165878,26460000
2020-09-28,GOOG,73.710503,73.839996,72.46505,73.225998,73.142761,40158000
2020-09-28,ORCL,60.029999,60.540001,59.470001,59.580002,56.025082,9356300
2020-09-28,MSFT,210.880005,212.570007,208.059998,209.440002,202.688705,32004900
2020-09-29,GOOG,73.519501,73.833153,72.940247,73.466499,73.382996,19564000
2020-09-29,MSFT,209.350006,210.070007,206.809998,207.259995,200.578949,24221900
2020-09-29,ORCL,59.580002,60.16,59.400002,59.470001,55.921635,6340600
2020-09-30,ORCL,59.52,60.389999,59.369999,59.700001,56.137928,11001500
2020-09-30,MSFT,207.729996,211.979996,206.539993,210.330002,203.550049,33829100
2020-09-30,GOOG,73.339996,74.487503,72.994003,73.480003,73.396484,34032000
2020-10-01,MSFT,213.490005,213.990005,211.320007,212.460007,205.611359,27158400
2020-10-01,GOOG,74.213501,74.952003,73.960503,74.504501,74.419815,35590000
2020-10-01,ORCL,60.169998,60.27,59.450001,59.68,56.119102,7357700
2020-10-02,GOOG,73.101501,74.160004,72.545998,72.920998,72.838112,25682000
2020-10-02,MSFT,208.0,210.990005,205.539993,206.190002,199.543472,33154800
2020-10-02,ORCL,58.709999,59.52,58.509998,58.830002,55.319828,7329800
2020-10-05,ORCL,59.439999,59.669998,59.09,59.560001,56.006275,6899200
2020-10-05,GOOG,73.310501,74.4105,73.213501,74.301003,74.216545,22266000
2020-10-05,MSFT,207.220001,210.410004,206.979996,210.380005,203.59845,21331600
2020-10-06,GOOG,73.778999,74.337997,72.429497,72.671997,72.589394,24908000
2020-10-06,ORCL,59.509998,60.529999,59.41,59.509998,55.959251,9743600
2020-10-06,MSFT,208.820007,210.179993,204.820007,205.910004,199.272476,28554300
2020-10-07,MSFT,207.059998,210.110001,206.720001,209.830002,203.066132,25681100
2020-10-07,GOOG,73.2145,73.447998,71.800003,73.014503,72.931511,34924000
2020-10-07,ORCL,59.77,60.900002,59.639999,60.59,57.205517,8690900
2020-10-08,ORCL,60.790001,61.299999,60.630001,60.889999,57.488762,7202800
2020-10-08,MSFT,210.509995,211.190002,208.320007,210.580002,203.791962,19925800
2020-10-08,GOOG,73.254501,74.5,73.254501,74.296501,74.212051,23756000
2020-10-09,GOOG,74.735001,75.825996,74.472504,75.761002,75.674889,28706000
2020-10-09,MSFT,211.229996,215.860001,211.229996,215.809998,208.853378,26458000
2020-10-09,ORCL,61.150002,61.380001,60.860001,61.150002,57.734234,7355700
2020-10-12,MSFT,218.789993,223.860001,216.809998,221.399994,214.263153,40461400
2020-10-12,ORCL,61.240002,61.830002,61.07,61.459999,58.026917,8275000
2020-10-12,GOOG,77.150002,79.693001,76.628502,78.457497,78.368317,49652000
2020-10-13,ORCL,61.57,61.779999,60.880001,60.970001,57.564293,8896300
2020-10-13,MSFT,222.720001,225.210007,220.429993,222.860001,215.676117,28950800
2020-10-13,GOOG,79.186501,79.5,78.160004,78.584,78.494675,32020000
2020-10-14,MSFT,223.0,224.220001,219.130005,220.860001,213.740555,23421700
2020-10-14,GOOG,78.929497,79.384201,77.526497,78.403999,78.31488,38586000
2020-10-14,ORCL,61.349998,61.529999,60.849998,60.959999,57.554848,6651100
2020-10-15,GOOG,77.357498,78.755249,77.251503,77.956497,77.867889,30800000
2020-10-15,ORCL,60.27,60.740002,60.080002,60.52,57.139427,6251600
2020-10-15,MSFT,217.100006,220.360001,216.009995,219.660004,212.579254,22733100
2020-10-16,ORCL,60.709999,61.110001,60.259998,60.290001,56.922276,6070800
2020-10-16,GOOG,78.292503,79.056503,78.150002,78.650497,78.561096,28694000
2020-10-16,MSFT,220.149994,222.289993,219.320007,219.660004,212.579254,26057900
2020-10-19,ORCL,60.389999,60.75,59.389999,59.619999,56.2897,8311000
2020-10-19,MSFT,220.419998,222.300003,213.720001,214.220001,207.314606,27625800
2020-10-19,GOOG,79.023003,79.407501,76.400002,76.730499,76.64328,32142000
2020-10-20,MSFT,215.800003,217.369995,213.089996,214.649994,207.730759,22753500
2020-10-20,ORCL,59.919998,60.330002,59.630001,59.75,56.412441,9241200
2020-10-20,GOOG,76.352501,78.875,76.283501,77.796501,77.708076,44834000
2020-10-21,MSFT,213.119995,216.919998,213.119995,214.800003,207.8759,22724900
2020-10-21,ORCL,59.34,60.119999,59.220001,59.669998,56.336906,10114900
2020-10-21,GOOG,78.666496,80.936501,78.581497,79.665497,79.574944,51366000
2020-10-22,MSFT,213.929993,216.059998,211.699997,214.889999,207.963028,22351500
2020-10-22,ORCL,59.439999,59.869999,58.689999,59.689999,56.355785,11900600
2020-10-22,GOOG,79.652496,81.099503,79.25,80.766502,80.674698,28672000
2020-10-23,GOOG,81.303497,82.117996,81.025497,82.050003,81.956741,27516000
2020-10-23,MSFT,215.029999,216.279999,213.160004,216.229996,209.259827,18879600
2020-10-23,ORCL,59.900002,60.16,59.709999,59.900002,56.554062,9739300
2020-10-26,ORCL,58.099998,58.48,56.529999,57.490002,54.278683,18876900
2020-10-26,MSFT,213.850006,216.339996,208.100006,210.080002,203.30806,37111600
2020-10-26,GOOG,81.250504,81.912003,78.824997,79.522499,79.432106,37066000
2020-10-27,GOOG,79.783501,80.342247,79.139,80.212997,80.121826,24580000
2020-10-27,ORCL,57.639999,57.98,57.02,57.080002,53.891582,10806500
2020-10-27,MSFT,211.589996,214.669998,210.330002,213.25,206.3759,36700300
2020-10-28,MSFT,207.669998,208.839996,202.100006,202.679993,196.146591,51195600
2020-10-28,GOOG,77.987,78.067497,75.731003,75.831001,75.744804,36680000
2020-10-28,ORCL,56.27,56.599998,55.529999,55.59,52.48481,13910600
2020-10-29,MSFT,204.070007,207.360001,203.369995,204.720001,198.120834,31432600
2020-10-29,ORCL,55.200001,56.759998,55.139999,56.02,52.890789,13573700
2020-10-29,GOOG,76.117996,79.685501,76.112,78.362,78.272926,40062000
2020-10-30,ORCL,55.75,56.639999,55.450001,56.110001,52.975769,12602300
2020-10-30,MSFT,203.5,204.289993,199.619995,202.470001,195.943405,36953700
2020-10-30,GOOG,83.605499,84.349998,80.223,81.050499,80.958374,86582000
2020-11-02,GOOG,81.407997,83.038498,80.801498,81.301498,81.209084,50708000
2020-11-02,MSFT,204.289993,205.279999,200.119995,202.330002,195.807892,30842200
2020-11-02,ORCL,56.439999,57.470001,56.119999,56.450001,53.296772,11413200
2020-11-03,MSFT,203.889999,208.119995,203.119995,206.429993,199.775711,27512000
2020-11-03,ORCL,57.0,57.5,56.57,56.799999,53.62722,8911200
2020-11-03,GOOG,81.588997,83.084999,80.831001,82.510498,82.41671,33234000
2020-11-04,ORCL,58.0,58.09,56.349998,56.490002,53.334541,12054900
2020-11-04,GOOG,85.514,88.568253,85.301498,87.456497,87.357086,71418000
2020-11-04,MSFT,214.020004,218.320007,212.419998,216.389999,209.414658,42311800
2020-11-05,ORCL,57.459999,57.650002,56.419998,56.66,53.495049,9017100
2020-11-05,MSFT,222.039993,224.119995,221.149994,223.289993,216.092224,36080100
2020-11-05,GOOG,89.050003,89.681999,87.525497,88.168503,88.068283,41316000
2020-11-06,ORCL,56.77,56.98,56.150002,56.799999,53.62722,7510400
2020-11-06,MSFT,222.259995,224.360001,218.029999,223.720001,216.508408,25231900
2020-11-06,GOOG,87.697502,88.621498,87.017502,88.087502,87.987373,33218000
2020-11-09,GOOG,89.544998,90.903,88.000999,88.150002,88.049805,45366000
2020-11-09,MSFT,224.440002,228.119995,217.880005,218.389999,211.350204,44395000
2020-11-09,ORCL,58.189999,59.080002,56.77,56.84,53.664986,11486600
2020-11-10,MSFT,214.5,216.5,209.720001,211.009995,204.208069,44045100
2020-11-10,GOOG,86.554497,88.150002,85.864998,87.019501,86.920586,52722000
2020-11-10,ORCL,56.91,57.240002,56.200001,56.669998,53.504482,9015900
2020-11-11,MSFT,212.389999,218.039993,212.199997,216.550003,209.569473,29440800
2020-11-11,GOOG,87.5,88.210999,87.368248,87.635498,87.535889,25280000
2020-11-11,ORCL,57.060001,57.630001,56.799999,57.200001,54.004879,7724400
2020-11-12,GOOG,87.3815,88.413498,87.279999,87.491997,87.392548,24950000
2020-11-12,MSFT,217.210007,219.110001,214.460007,215.440002,208.495285,21593900
2020-11-12,ORCL,57.259998,57.490002,56.099998,56.450001,53.296772,7324000
2020-11-13,MSFT,216.360001,217.419998,214.160004,216.509995,209.530777,18621100
2020-11-13,ORCL,56.880001,57.09,56.549999,56.91,53.731075,5870300
2020-11-13,GOOG,87.8815,89.052002,87.227501,88.850998,88.750008,29998000
2020-11-16,MSFT,214.869995,217.740005,214.520004,217.229996,210.2276,24953300
2020-11-16,GOOG,88.584999,89.953499,88.384499,89.069,88.967758,24936000
2020-11-16,ORCL,57.02,57.610001,56.880001,57.150002,53.957672,6309200
2020-11-17,ORCL,57.0,57.389999,56.810001,57.119999,53.929344,5569700
2020-11-17,MSFT,216.100006,217.679993,214.080002,214.460007,207.54686,24154100
2020-11-17,GOOG,88.847,89.25,88.349998,88.5075,88.406898,22942000
2020-11-18,MSFT,213.649994,215.169998,210.929993,211.080002,204.810654,28372800
2020-11-18,GOOG,88.261497,88.6735,87.306999,87.338997,87.239723,23470000
2020-11-18,ORCL,57.119999,57.290001,56.240002,56.25,53.107944,8998800
2020-11-19,MSFT,211.380005,213.029999,209.929993,212.419998,206.110855,24792700
2020-11-19,GOOG,86.918999,88.4795,86.85025,88.195999,88.095749,24998000
2020-11-19,ORCL,56.09,56.48,55.560001,56.450001,53.296772,9643100
2020-11-20,ORCL,56.360001,56.439999,55.68,55.700001,52.588669,8395800
2020-11-20,GOOG,88.260498,88.699997,87.093002,87.109497,87.010483,46270000
2020-11-20,MSFT,212.199997,213.289993,210.0,210.389999,204.141129,22843100
2020-11-23,GOOG,87.480003,87.695,85.886002,86.742996,86.644402,43232000
2020-11-23,MSFT,210.949997,212.289993,208.160004,210.110001,203.869446,25683500
2020-11-23,ORCL,55.849998,56.57,55.77,56.080002,52.947441,8235900
2020-11-24,ORCL,56.599998,57.900002,56.360001,57.57,54.354214,10427200
2020-11-24,MSFT,209.589996,214.25,208.860001,213.860001,207.508041,33979700
2020-11-24,GOOG,86.525002,88.580002,86.384499,88.444,88.343468,31560000
2020-11-25,MSFT,215.110001,215.289993,212.460007,213.869995,207.517792,21012900
2020-11-25,ORCL,57.720001,57.759998,57.259998,57.41,54.203152,6848900
2020-11-25,GOOG,88.644501,88.927002,87.827003,88.571503,88.470825,20916000
2020-11-27,MSFT,214.850006,216.270004,214.039993,215.229996,208.837357,14512200
2020-11-27,ORCL,57.400002,57.869999,57.150002,57.759998,54.5336,5627000
2020-11-27,GOOG,88.654503,90.199997,88.622002,89.6595,89.557587,17698000
2020-11-30,ORCL,57.610001,58.200001,57.200001,57.720001,54.495838,26676900
2020-11-30,GOOG,89.059196,89.403252,87.75,88.037003,87.936935,36476000
2020-11-30,MSFT,214.100006,214.759995,210.839996,214.070007,207.711868,33064800
2020-12-01,GOOG,88.718498,91.241501,88.468498,89.904999,89.802811,34738000
2020-12-01,MSFT,214.509995,217.320007,213.350006,216.210007,209.788284,30904500
2020-12-01,ORCL,58.200001,59.279999,58.009998,58.740002,55.458855,11855300
2020-12-02,GOOG,89.904999,91.782501,89.473648,91.397499,91.29361,24440000
2020-12-02,ORCL,58.290001,59.27,58.139999,59.080002,55.779861,9330400
2020-12-02,MSFT,214.880005,215.470001,212.800003,215.369995,208.973175,23724500
2020-12-03,GOOG,91.2005,92.360001,91.1325,91.338501,91.23468,24546000
2020-12-03,ORCL,59.220001,59.98,59.060001,59.27,55.959251,9783900
2020-12-03,MSFT,214.610001,216.380005,213.649994,214.240005,207.876801,25120900
2020-12-04,ORCL,59.310001,60.549999,59.27,59.959999,56.61071,10872700
2020-12-04,MSFT,214.220001,215.380005,213.179993,214.360001,207.99321,24666000
2020-12-04,GOOG,91.225998,91.657997,90.849503,91.399498,91.295609,27564000
2020-12-07,ORCL,59.959999,60.200001,59.630001,59.799999,56.459644,14922900
2020-12-07,GOOG,90.949997,91.6185,90.289001,90.973999,90.87059,26418000
2020-12-07,MSFT,214.369995,215.539993,212.990005,214.289993,207.925323,24620000
2020-12-08,GOOG,90.504997,91.095001,89.810249,90.927498,90.824142,21926000
2020-12-08,ORCL,58.990002,59.709999,58.220001,59.029999,55.732655,15237800
2020-12-08,MSFT,213.970001,216.949997,212.889999,216.009995,209.594208,23284100
2020-12-09,ORCL,58.889999,59.91,58.799999,59.73,56.393562,12204100
2020-12-09,GOOG,90.600502,91.713501,88.390503,89.206497,89.105103,30152000
2020-12-09,MSFT,215.160004,215.229996,211.210007,211.800003,205.509247,32440600
2020-12-10,MSFT,211.770004,213.080002,210.360001,210.520004,204.267273,26733300
2020-12-10,ORCL,59.509998,59.810001,59.040001,59.48,56.157528,14219900
2020-12-10,GOOG,88.489998,89.065498,87.015999,88.766502,88.665604,27256000
2020-12-11,MSFT,210.050003,213.320007,209.110001,213.259995,206.925873,30979400
2020-12-11,ORCL,60.939999,61.0,59.419998,60.610001,57.2244,16209900
2020-12-11,GOOG,88.153,89.222504,88.0,89.088501,88.987236,24414000
2020-12-14,MSFT,213.100006,216.210007,212.880005,214.199997,207.837982,28798400
2020-12-14,GOOG,88.75,89.869499,87.860748,88.002998,87.902969,32004000
2020-12-14,ORCL,60.830002,61.66,60.689999,60.759998,57.36602,16193600
2020-12-15,GOOG,88.221001,88.570999,87.497498,88.388496,88.288025,29646000
2020-12-15,ORCL,61.09,62.189999,60.900002,61.860001,58.404572,15506700
2020-12-15,MSFT,215.169998,215.419998,212.240005,214.130005,207.770081,27000600
2020-12-16,GOOG,88.643997,88.650002,87.804001,88.150002,88.049805,30270000
2020-12-16,ORCL,61.869999,63.189999,61.849998,62.779999,59.273182,16119900
2020-12-16,MSFT,214.75,220.110001,214.720001,219.279999,212.76709,35023300
2020-12-17,GOOG,88.425499,88.589203,86.932999,87.394997,87.295662,32494000
2020-12-17,ORCL,62.990002,64.050003,62.73,63.610001,60.05682,15320500
2020-12-17,MSFT,219.869995,220.889999,217.919998,219.419998,212.902939,32515800
2020-12-18,ORCL,63.48,65.330002,63.43,65.059998,61.425823,33728700
2020-12-18,MSFT,218.589996,219.690002,216.020004,218.589996,212.09758,63354900
2020-12-18,GOOG,87.709,87.755501,86.011002,86.550499,86.452118,80328000
2020-12-21,GOOG,85.675499,87.042503,84.949997,86.968498,86.869644,36568000
2020-12-21,ORCL,63.889999,65.190002,63.880001,64.480003,60.878231,18210200
2020-12-21,MSFT,217.550003,224.0,217.279999,222.589996,215.97876,37181900
2020-12-22,ORCL,64.559998,66.0,64.43,65.150002,61.510807,17136000
2020-12-22,GOOG,86.721497,86.870247,85.628754,86.175003,86.077049,18734000
2020-12-22,MSFT,222.690002,225.630005,221.850006,223.940002,217.288666,22612200
2020-12-23,GOOG,86.405502,87.399498,86.251999,86.619003,86.520546,20676000
2020-12-23,MSFT,223.110001,223.559998,220.800003,221.020004,214.455383,18699600
2020-12-23,ORCL,65.260002,66.199997,65.150002,65.300003,61.652428,13075200
2020-12-24,MSFT,221.419998,223.610001,221.199997,222.75,216.134033,10550600
2020-12-24,ORCL,65.050003,65.589996,64.779999,64.959999,61.331421,3796500
2020-12-24,GOOG,86.75,87.300003,86.455498,86.942497,86.843674,6936000
2020-12-28,MSFT,224.449997,226.029999,223.020004,224.960007,218.278366,17933500
2020-12-28,ORCL,65.410004,65.690002,64.75,64.870003,61.246452,6463500
2020-12-28,GOOG,87.581749,89.5364,87.31675,88.804497,88.70356,27860000
2020-12-29,ORCL,65.25,65.269997,64.220001,64.459999,60.859348,7770200
2020-12-29,GOOG,89.389503,89.622002,87.804497,87.935997,87.836044,25988000
2020-12-29,MSFT,226.309998,227.179993,223.580002,224.149994,217.492432,17403200
2020-12-30,MSFT,225.229996,225.630005,221.470001,221.679993,215.095825,20272300
2020-12-30,GOOG,88.100502,88.254753,86.279999,86.975998,86.877136,26122000
2020-12-30,ORCL,64.800003,64.910004,64.349998,64.400002,60.802692,6192000
